Image number, contact, shear_x, shear_y, pose_z, pose_Rx, pose_Ry, shear_Rz 
1, False, 0.00, 0.00, 0.00, 0.00, 0.00, 0.00 
2, False, 0.00, 0.00, 0.00, 0.00, 0.00, 0.00 
3, False, 0.00, 0.00, 0.00, 0.00, 0.00, 0.00 
4, False, 0.00, 0.00, 0.00, 0.00, 0.00, 0.00 
5, False, 0.00, 0.00, 0.00, 0.00, 0.00, 0.00 
6, False, 0.00, 0.00, 0.00, 0.00, 0.00, 0.00 
7, True, 0.58, 0.13, 2.60, -1.94, -0.50, 0.00 
8, True, -3.14, 1.17, 2.55, -0.39, 6.59, 0.00 
9, True, -2.25, 1.60, 1.99, -3.95, 4.70, 0.00 
10, True, -2.15, 2.08, 1.70, -2.19, 3.24, 0.00 
